ticker,marketCap
AACI,209580139.99999997
AADI,312989351.11
AAL,8266739282.64
AAME,47679683.089
AAOI,53909828.91
AAON,4006989126.8399997
AAPL,2066941771740.0
AAWW,2859111158.4
ABCB,3269239562.26
ABCL,2898197325.51
ABEO,52901460.92
ABGI,195065429.5
ABIO,34152038.910000004
ABNB,54136649146.5
ABOS,220996533.60000002
ABSI,194029308.9
ABST,545453209.4399999
ABUS,364568308.05
ABVC,20395205.625
ACAB,382125000.0
ACAC,110184375.0
ACAD,2577941424.48
ACAH,431896875.0
ACAX,113112750.00000001
ACB,299229241.0758
ACBA,64293479.99999999
ACCD,560404108.9
ACDC,1359764128.8
ACER,48974808.76
ACET,383090997.47999996
ACGL,23220628635.06
ACHC,7489203014.16
ACHV,43847721.050000004
ACIU,170163535.92000002
ACIW,2584605059.0
ACLS,2606866641.92
ACLX,1358593605.14
ACMR,458439121.17
ACNB,338800536.78000003
ACNT,88453776.27
ACON,4536478.699999999
ACOR,18659801.9938
ACQR,624845440.8
ACRS,1050260258.25
ACRV,240593610.23999998
ACRX,16835567.16
ACST,22351028.331
ACT,3927763849.6800003
ACTG,183304561.96
ACVA,1298942974.3500001
ACXP,46138583.82
ADAL,309723750.0
ADBE,156452797000.0
ADD,5982368.819999999
ADEA,995960068.9200001
ADER,348390625.0
ADES,46439511.300000004
ADI,83539813202.23
ADIL,5773601.83
ADMA,857104342.28
ADMP,25392166.7645
ADN,93609073.2
ADOC,50721079.4375
ADP,99085760903.34001
ADPT,1092612879.48
ADSE,152280641.76
ADSK,40320471603.78
ADTH,144257879.42
ADTN,1467226826.85
ADTX,4959737.8618
ADUS,1602820114.36
ADV,664943680.96
ADVM,57792969.987500004
AEAC,303300000.0
AEAE,292387500.0
AEHA,137540000.0
AEHL,3611733.9699999997
AEHR,552656655.6
AEI,17078325.7
AEIS,3206723604.7
AEMD,6319392.2928
AEP,48791356226.1
AERC,48505397.16
AEY,20328480.9
AEYE,44078232.910000004
AEZS,15441685.680000002
AFAR,148594950.0
AFBI,100176253.89999999
AFCG,320325720.0
AFIB,32720084.049999997
AFMD,185180775.4
AFRI,297781054.2
AFRM,2805751109.21
AFYA,1404808848.52
AGAE,41039743.5
AGBA,94575250.0
AGEN,731548044.0
AGFS,157034961.92
AGFY,2949168.546
AGGR,390987500.0
AGIL,202622204.4
AGIO,1542851556.48
AGLE,27673833.992200002
AGMH,40020489.3
AGNC,5916282949.349999
AGRI,17756363.479999997
AGRX,9219497.629
AGYS,1983602234.94
AHCO,2589542601.2999997
AHPI,3693256.7474
AHRN,383809941.25
AIB,114772694.99999999
AIHS,6942275.6688
AIMC,3894136999.75
AIMD,12407193.24
AIP,143728347.1
AIRG,66555219.36
AIRS,207838053.9
AIRT,70285782.72
AKAM,13255525215.6
AKAN,5071569.471
AKBA,106146121.89099999
AKLI,87257795.52000001
AKRO,2562622592.7999997
AKTS,162064009.73999998
AKU,64448695.5444
AKYA,363237551.49
ALBO,447354725.63
ALBT,51991908.28
ALCO,181243406.19
ALDX,407578142.88
ALEC,763335204.97
ALGM,5743070392.82
ALGN,16473894825.9
ALGS,40798978.569699995
ALGT,1250918706.31
ALHC,2202189136.56
ALIM,18992986.22
ALKS,4293481862.2799997
ALKT,1334663976.23
ALLK,717414286.74
ALLO,907081868.66
ALLR,4239052.7556
ALLT,128436266.56
ALNY,29237659810.100002
ALOR,229944825.0
ALOT,94220679.74000001
ALPA,196055212.79029998
ALPN,337471082.55
ALPP,105460585.3212
ALPS,175236774.62
ALR,17934953.85
ALRM,2469587571.52
ALRN,10762594.23
ALRS,466702847.90000004
ALSA,150565500.0
ALT,808666471.1999999
ALTO,216447526.07999998
ALTR,3644075746.46
ALTU,124546105.92
ALVO,2486495050.0
ALVR,477925989.93
ALXO,459313944.03999996
ALYA,141825484.5
ALZN,54471964.79759999
AMAL,706689861.12
AMAO,33721768.08
AMAT,82202326128.36
AMBA,3186976680.03
AMCI,187125000.0
AMCX,673496364.95
AMD,104432308612.73999
AMED,2714380677.52
AMEH,1347757774.55
AMGN,140139242663.84
AMKR,5874492202.92
AMLX,2448167255.1000004
AMNB,391855477.59
AMOT,553123972.8100001
AMPG,20420079.560000002
AMPH,1354239831.72
AMPL,1366730463.1200001
AMRK,814534463.4699999
AMRS,505142475.93
AMSC,107602206.4
AMSF,995530719.81
AMST,5305583.4055
AMSWA,495309806.0
AMTB,906502399.88
AMTI,16356100.74
AMTX,138773752.92
AMV,31544561.75
AMWD,812142467.22
AMZN,856938950784.0
ANAB,881096275.68
ANDE,1172266960.8600001
ANEB,62127228.0429
ANGH,41479018.13
ANGI,1185507987.4
ANGN,24440281.3548
ANGO,538513731.27
ANIK,432446202.40000004
ANIP,702166575.15
ANIX,130312191.0
ANNX,246249131.81
ANSS,21045444853.65
ANTX,184907330.73999998
ANY,18901249.1625
ANZU,532312500.0
AOGO,136041088.25
AOSL,783045845.75
AOUT,133565337.47999999
APA,15008170870.68
APAC,256750000.0
APCX,38888294.31
APDN,21428143.2
APEI,232192401.39
APEN,415333360.67
APGN,15389566.654000001
APLD,173399644.08
APLS,5717861535.37
APLT,36524806.56
APM,19642575.8282
APMI,185625000.0
APOG,987629549.4
APP,3913892025.0299997
APPF,3705279563.2599998
APPH,61224829.462400004
APPN,2362149823.44
APPS,1509016489.2
APRE,17542276.434
APTM,362860325.0
APTO,53530945.72
APTX,19319294.345399998
APVO,11812878.559999999
APWC,29687366.88
APXI,221554687.5
APYX,80958903.47999999
AQB,54328584.732
AQMS,97983432.5
AQST,48854140.2294
AQU,70543204.8
ARAV,78971482.92
ARAY,195997627.20999998
ARBE,215310850.92000002
ARBG,
ARCB,1710228315.2
ARCC,9557473141.71
ARCE,767493886.5
ARCK,233953125.0
ARCT,450380991.68
ARDS,30648767.759999998
ARDX,534259988.25
AREB,3267488.197898
AREC,90688255.68
ARHS,1365616365.75
ARIZ,89904028.89999999
ARKO,1039845533.72
ARKR,59622739.919999994
ARLP,2584606850.08
AROW,560321540.1
ARQQ,442857641.66999996
ARQT,901731795.2
ARRW,360632812.5
ARRY,2908981693.6099997
ARTE,256845312.50000003
ARTL,8252938.32
ARTNA,555982018.46
ARTW,9418587.209999999
ARVL,101816009.1575
ARVN,1820913493.41
ARWR,4616269151.52
ARYD,193783650.0
ARYE,193591785.0
ASAP,3616039.4639999997
ASCA,88678800.0
ASCB,258819000.0
ASLE,839785066.3
ASMB,63413980.5
ASNS,8263945.3584
ASO,4105732678.22
ASPA,
ASPI,54284260.660000004
ASPS,152527676.18
ASPU,7844662.53
ASRT,207662535.9
ASRV,67431590.98
ASTC,16887895.2
ASTE,923488176.3399999
ASTI,55307223.559999995
ASTL,658437999.16
ASTR,116026811.532
ASTS,343234561.8
ASUR,188300209.48
ASYS,106401170.39999999
ATAI,441228316.62
ATAK,258307500.0
ATCX,194263422.95000002
ATEC,1297470301.3999999
ATER,62294637.0454
ATEX,609931683.14
ATHA,119918896.85
ATHX,14455504.559999999
ATIF,21565492.48
ATLC,378466729.0
ATLO,212305062.87
ATNF,12669484.290000001
ATNI,714236980.71
ATNX,23217989.455
ATOM,148370181.94
ATOS,66920842.135
ATRA,311202037.59999996
ATRC,2064041016.8000002
ATRI,991693377.9000001
ATRO,331362453.6
ATSG,1889483754.06
ATVI,59909968169.45
ATXG,33316153.786
ATXI,5543955.52
ATXS,409422572.31
ATY,88940838.3
AUB,2625362355.98
AUBN,80601660.0
AUDC,568454517.4300001
AUGX,58394238.24
AUID,14427939.463799998
AUPH,613913916.96
AUR,1408747438.01
AURA,388917154.5
AURC,350631122.31
AUUD,12148751.04
AUVI,11598274.326100001
AVAC,266810062.5
AVAH,145016227.20000002
AVAV,2154975688.56
AVCT,37340506.9
AVDX,1975127232.82
AVEO,519708748.65
AVGO,233652677458.2
AVGR,8067673.739999999
AVHI,127750000.00000001
AVID,1161749380.26
AVIR,400613543.59
AVNW,353074199.71000004
AVO,821179996.6999999
AVPT,767217612.72
AVRO,31206547.3352
AVT,3805289209.2599998
AVTE,720928638.9
AVTX,47448025.5704
AVXL,721926406.9
AWH,41440259.7488
AWRE,37031597.55
AXDX,69964232.88
AXGN,422020168.20000005
AXLA,24089209.1175
AXNX,3097109086.63
AXON,11808467189.220001
AXSM,3349459875.06
AXTI,190763821.92
AY,3005827763.3999996
AYLA,5929787.693427
AYRO,14167752.238599999
AYTU,11799165.105
AZ,42390896.93
AZPN,13256523394.4
AZTA,4020326674.56
AZYO,68528572.5
BACK,6534574.021500001
BAFN,67513604.39999999
BAND,581195783.25
BANF,2898526509.88
BANR,2160835112.8
BANX,121028747.03999999
BAOS,7866258.32
BASE,598971636.9
BATRA,1727213208.93
BATRK,1703951078.1699998
BBBY,294423000.0
BBCP,331109023.04999995
BBGI,27194702.1069
BBIG,108177420.752
BBIO,1139061481.08
BBLG,3208826.4642
BBSI,649402114.24
BCAB,310260200.25
BCAN,146925432.8892
BCBP,303878444.79999995
BCDA,41895095.0
BCEL,31277353.2346
BCLI,59928517.559999995
BCML,246458906.20000002
BCOR,1222484723.79
BCOV,220037694.91000003
BCOW,66210770.0
BCPC,3924019747.42
BCRX,2140145625.8000002
BCSA,423137280.0
BCTX,67813738.66
BDSX,175939806.39999998
BDTX,65459170.800000004
BEAM,2756041064.71
BEAT,39062545.6
BECN,3434620023.7599998
BEEM,176369468.14
BELFA,401715107.4459
BELFB,410836629.08000004
BFC,838070944.6199999
BFI,28039072.32
BFIN,136070492.22
BFRI,24472305.2332
BFST,555827711.04
BGCP,1395718263.42
BGFV,195887633.9
BGRY,144360127.6029
BGXX,79506209.85
BHAC,288937500.0
BHAT,3605233.704348
BHF,3544279360.11
BIAF,13391600.0
BIGC,643971380.64
BIIB,39876868795.68
BIMI,4727475.4799999995
BIOC,9041148.1
BIOL,4644593.850000001
BIOR,1175662.7208
BIOS,
BIOT,290372125.0
BIOX,755444216.79
BIRD,361434528.62
BITF,95731680.0
BIVI,252349374.69
BJDX,7655855.333256
BJRI,617083386.9599999
BKCC,262710303.34
BKNG,78171477848.64
BKR,29573336721.97
BKSC,91059111.63509999
BKYI,5362574.121311
BL,4021190246.7099996
BLBD,342986796.81
BLBX,3957512.0999999996
BLCM,6201739.4399999995
BLDE,256518745.98000002
BLDP,1428952043.18
BLEU,347070000.0
BLFS,778341090.8
BLFY,358282697.7
BLI,184556838.56
BLIN,10938489.450000001
BLKB,3125314553.22
BLMN,1766408117.28
BLNG,192236875.0
BLNK,557988666.0500001
BLPH,8590905.9
BLU,1034017769.5200001
BLUE,573737061.6
BLZE,200490000.0
BMAQ,
BMBL,2729699523.85
BMEA,247810353.78
BMRA,44982630.85
BMRC,527021124.24000007
BMRN,19233504213.35
BNFT,360645476.1
BNGO,433509770.0
BNIX,95842080.0
BNNR,197820000.0
BNRG,20888827.074300002
BNSO,14670647.6148
BNTC,4756797.37
BOCN,243828749.99999997
BOKF,6980332411.570001
BOLT,48959160.9
BON,8877329.749799998
BOOM,379656279.36
BOSC,11905776.0
BOTJ,55127304.87
BOXL,23037805.0896
BPAC,294400000.0
BPMC,2621179067.9100003
BPOP,4821094730.24
BPRN,198050544.64
BPTH,12019847.64
BRAC,134392652.52
BRAG,81264906.8
BREZ,50379427.2996
BRFH,16815163.3
BRID,108195837.44
BRIV,220738500.00000003
BRKH,388493000.0
BRKL,1087345882.8
BRKR,10053104185.4
BRLI,22233274.560000002
BRLT,47196103.31999999
BROG,586295018.9
BRP,1544312867.1000001
BRQS,3881150.1129
BRSH,3818684.9375
BRTX,10102479.75
BRY,614140024.0
BRZE,2610870701.12
BSBK,157183957.84
BSET,159126761.2
BSFC,10212983.715599999
BSGA,78542257.5
BSGM,22563884.279999997
BSQR,23182617.1024
BSRR,320500449.0
BSVN,233362918.4
BSY,10658994672.48
BTAI,601938873.0
BTB,83674948.55000001
BTBD,11811569.8158
BTBT,49489709.4
BTCS,8238755.7
BTCY,23362950.912
BTMD,31349594.41
BTOG,17705599.7592
BTTX,26237407.3
BTWN,296981611.52
BUSE,1365345768.48
BVS,202897732.95
BWAC,80475855.71609999
BWAQ,122037695.99999999
BWB,489463949.71999997
BWC,249545044.09999996
BWEN,37005144.35
BWFG,226915041.32999998
BWMN,295386697.70000005
BWMX,239572225.32
BWV,17022452.700000003
BXRX,1764521.58
BYFC,77044033.21
BYND,784667873.0300001
BYNO,244187999.99999997
BYRN,174334959.68
BYSI,73186373.36
BYTS,418234965.12
BZFD,95949661.344
CAAS,175135790.79999998
CABA,269552492.5
CAC,607231901.2099999
CACC,6131482898.4
CACO,66922015.0
CADL,51720338.76
CAKE,1630532512.56
CALA,15860737.819999998
CALB,198054417.14000002
CALM,2664246613.05
CAMP,165618378.24
CAMT,974684300.76
CAPR,97431811.72
CAR,6797588919.16
CARA,577098939.1800001
CARE,399981266.79
CARG,1666284659.79
CARV,17370582.09
CASA,258315974.28
CASH,1225497160.6499999
CASI,24354972.7
CASS,625963194.46
CASY,8358971845.7
CATC,647524131.6
CATY,3035338575.68
CBAN,223865850.87
CBAT,88100949.42
CBAY,530950265.01
CBFV,109125931.72
CBIO,19916592.785
CBNK,330916963.3
CBRG,295550000.0
CBRL,2103336193.08
CBSH,8530545877.859999
CCAI,
CCAP,394740460.79999995
CCB,615955570.5600001
CCBG,551258890.0
CCCC,288846341.3
CCCS,5400189658.5
CCD,534396370.61999995
CCEP,25278892329.84
CCLP,187845824.46
CCNC,3837409.6768
CCNE,502453031.34
CCOI,2740413197.36
CCRN,990940505.05
CCSI,1065944463.36
CCTS,162236250.0
CDAK,14643459.297600001
CDAQ,266037112.2
CDIO,10085627.58
CDLX,191698595.66
CDMO,857999928.51
CDNA,610860444.67
CDNS,44066122240.0
CDRO,116414646.48
CDTX,54164762.223299995
CDW,24178121565.56
CDXC,125107363.92
CDXS,306101475.92
CDZI,139559525.0
CEAD,6682133.557399999
CECO,400279369.92
CEG,28192212727.949997
CELC,216590943.39
CELH,7930469912.040001
CELU,187067173.77
CELZ,5364457.3506
CEMI,8064851.7378
CENN,114975397.68
CENQ,198162997.5
CENT,2026259064.2
CENTA,1936984632.8
CENX,747220333.22
CERE,4930413290.08
CERS,647586441.9499999
CERT,2565945061.79
CETX,3436244.4872000003
CEVA,593140163.74
CFB,603346649.8
CFBK,137373310.56
CFFE,101498520.18
CFFI,202674480.92000002
CFFN,1185881446.65
CFFS,237277499.99999997
CFIV,648970000.0
CFLT,6369575186.879999
CFMS,24955626.599999998
CFRX,3775941.216
CFSB,52760083.78
CG,10849982659.28
CGBD,735015963.69
CGC,1122505798.26
CGEM,482899368.6
CGEN,61997256.9951
CGNT,212246674.09
CGNX,8146740591.36
CGO,86742087.78
CGRN,26582201.849999998
CGTX,60839188.2
CHCI,40246416.25
CHCO,1382920278.06
CHDN,7908173164.67
CHEA,148062500.0
CHEF,1273629160.96
CHEK,12760000.000000002
CHI,778594420.96
CHK,12642856104.32
CHKP,15821892509.68
CHMG,214583667.20999998
CHNR,15437467.862081999
CHRD,5692144769.24
CHRS,616001268.96
CHRW,10777478890.08
CHTR,52788470826.200005
CHUY,509295091.90000004
CHW,356363279.46
CHX,5779439268.46
CHY,798228814.45
CIDM,69081959.2866
CIFR,138610620.96
CIGI,3950636785.6800003
CIIG,366203125.0
CINC,537863529.67
CINF,16094101296.12
CING,11309412.0
CISO,372946539.75
CITE,
CIVB,346159193.6
CIZN,76768909.0
CJJD,30521062.0
CKPT,52387117.02
CLAR,290365909.12
CLAY,30150466.930000003
CLBK,2369021704.6400003
CLBT,826870804.12
CLDX,2099239467.67
CLEU,31598333.0
CLFD,1430782271.28
CLGN,92572116.35
CLIN,318722336.7
CLIR,20378693.736
CLMB,141183552.09
CLMT,1336720161.04
CLNE,1156626343.6000001
CLNN,73820010.0
CLOE,
CLOV,444248713.766
CLPS,26461256.640000004
CLPT,207977097.79000002
CLRB,16048815.12
CLRC,102009600.0
CLRO,36407883.6
CLSD,67413618.72000001
CLSK,146291217.24
CLST,67183000.0
CLVR,13551488.084999999
CLWT,11056948.76
CLXT,7204089.685
CMAX,404773947.8
CMBM,585856489.57
CMCA,296987500.0
CMCO,929608794.25
CMCSA,151189602029.18
CMCT,111415479.7
CME,60491880154.72
CMLS,115649357.85
CMND,7816629.720000001
CMPO,77379969.88
CMPR,724059880.72
CMPX,634743109.19
CMRA,24414412.68
CMRX,163763936.22
CMTL,337192251.26
CNCE,279959017.92
CNDT,874476874.8
CNET,16480731.42
CNEY,20100538.92
CNFR,19179628.68
CNGL,304242750.0
CNNB,43669340.75
CNOB,950076007.83
CNSL,413116491.44
CNSP,3202598.4
CNTG,25185848.01
CNTX,10405076.7401
CNTY,209944250.41
CNXA,3273033.5820000004
CNXC,6880298635.599999
CNXN,1232923896.3999999
COCO,772873715.44
COCP,15878850.0
CODA,74487951.72
CODX,77912997.12
COEP,7834764.758200001
COFS,217908204.0
COGT,807968097.0400001
COHR,4868019842.400001
COHU,1526540442.35
COIN,8032313256.41
COKE,4802703296.04
COLB,2369607535.34
COLL,778868613.6
COLM,5439911365.08
COMM,1531369089.6
COMS,17025120.612499997
CONN,164742253.6
CONX,934048800.0000001
COOL,494500000.0
COOP,2831762534.6400003
CORT,2186368534.74
CORZ,28127051.8988
COSM,48288489.36
COST,202562304934.0
COUP,6028858360.9800005
COWN,1081912227.3799999
COYA,45862003.0448
CPAA,
CPAQ,94888491.66
CPAR,452488672.025
CPHC,152549769.06
CPIX,32544285.75
CPLP,277678346.40000004
CPOP,18768620.0
CPRT,29001907669.79
CPRX,1935727110.0000002
CPSH,38840334.339999996
CPSI,395074809.14
CPSS,180885026.1
CPTN,198823974.97
CPZ,298213026.86
CRAI,873523970.5500001
CRBP,13843537.3505
CRBU,383089803.08000004
CRCT,2046987170.55
CRDF,62548036.599999994
CRDL,32488520.82
CRDO,1953398053.97
CREC,274236663.26
CREG,19130935.2
CREX,12643493.079999998
CRGE,256239693.35999998
CRIS,53019098.00000001
CRKN,3835116.3532000002
CRMD,174210605.48
CRMT,460212378.40000004
CRNC,741526146.5300001
CRNT,160949828.66
CRNX,984731710.8000001
CRON,962900047.78
CROX,6695003193.620001
CRSP,3182656750.35
CRSR,1364247886.27
CRUS,4100913562.48
CRVL,2509157183.8700004
CRVS,39570484.35
CRWD,24679323202.0
CRWS,54027834.48
CRZN,256786740.0
CSBR,61149511.5
CSCO,195710029921.32
CSGP,31429007836.8
CSGS,1802110767.6000001
CSII,570436190.52
CSIQ,1985906568.8999999
CSLM,
CSPI,42951650.839999996
CSQ,2132271887.24
CSSE,106341606.4
CSTE,197009149.38
CSTL,620316099.04
CSTR,387014802.88
CSWC,548131984.2
CSWI,1794233075.38
CSX,65132622424.42
CTAQ,524416000.0
CTAS,45885058071.840004
CTBI,822986600.4
CTG,118786129.55999999
CTHR,24958725.4875
CTIB,16701454.64
CTIC,762634160.03
CTKB,1376852795.39
CTLP,315196867.5
CTMX,105734987.2
CTRM,105963298.56000002
CTRN,221273605.92000002
CTSH,29391166696.079998
CTSO,67635358.25
CTXR,115506792.7
CUBA,23659662.080000002
CUE,122671261.8
CUEN,3504944.6678
CULL,85093710.57000001
CURI,60198971.099999994
CUTR,867396437.16
CVAC,1147407913.0800002
CVBF,3600056025.75
CVCO,2015737948.75
CVCY,248483992.98
CVGI,227276817.42
CVGW,521310833.4
CVLG,466497605.3
CVLT,2798393267.92
CVLY,227399599.0
CVRX,377719391.05
CVT,2617094188.8
CVV,37252768.379999995
CWBC,131133652.11
CWBR,4926948.877400001
CWCO,226323198.4
CWST,4098760865.4300003
CXDO,47913639.5
CYAN,6899168.100000001
CYBR,5278872054.85
CYCC,8363639.063
CYCN,28540883.5408
CYN,22687380.143999998
CYRN,4955081.0752
CYRX,850147206.6500001
CYT,58474204.8
CYTH,12044224.16
CYTK,4335992465.82
CYTO,5670663.649999999
CYXT,344865613.44
CZFS,304681358.24
CZNC,354339509.76
CZR,8925949968.0
CZWI,126117828.3
DAIO,35001032.57
DAKT,128213352.96
DALN,20671316.38
DALS,256371749.99999997
DARE,70384000.0
DATS,5085502.7511
DAVE,109650983.30999999
DAWN,1582785799.52
DBGI,6445995.14
DBTX,51177229.099999994
DBVT,287538686.46
DBX,8118040139.639999
DCBO,1090520216.96
DCFC,261221278.07999998
DCGO,724046915.34
DCOM,1227799820.61
DCPH,1107571475.89
DCRD,403811718.75
DCT,1601304497.0
DCTH,36167655.6
DDOG,23340648093.0
DECA,111363524.99999999
DENN,527118453.54
DERM,33992304.0
DFFN,10314070.0266
DFLI,514945463.2
DGHI,10016212.68
DGICA,461046679.2
DGICB,528255596.52
DGII,1303612512.1499999
DGLY,12543322.3435
DGNU,530808248.88
DH,1154829881.38
DHAC,
DHCA,389524961.934
DHHC,433406250.00000006
DHIL,557993492.1
DIBS,197768306.52
DICE,1487081856.0
DIOD,3462063947.82
DISA,346500000.0
DISH,7451118852.839999
DJCO,344958783.26
DKDCA,156184227.0
DKNG,5112381396.650001
DLCA,261078750.0
DLHC,161057610.105
DLO,4608487866.87
DLPN,18487434.12
DLTH,206552316.89999998
DLTR,31284332709.76
DMAC,41782690.1667
DMAQ,174520584.0
DMLP,1148458785.49
DMRC,370464807.95
DMTK,53480027.85
DNAB,320813400.0
DNAD,320494500.0
DNAY,35426108.4
DNLI,3776978107.08
DNUT,1727951109.3600001
DOCU,11143529282.16
DOGZ,38488734.545741
DOMH,17991114.88
DOMO,491920315.84000003
DOOO,6012216405.45
DORM,2540820160.25
DOX,10982229121.800001
DPCS,294975000.0
DPRO,25351148.25
DRAY,366203125.0
DRCT,7906382.699999999
DRIO,99710107.12
DRMA,4949805.526
DRRX,78839501.17999999
DRS,1853100000.0
DRTS,219456729.0
DRTT,51612666.7
DRUG,13845665.66
DRVN,4571804523.57
DSEY,1381586002.3799999
DSGN,573637328.46
DSGR,726589369.8199999
DSGX,5907573282.1
DSKE,255339267.79000002
DSP,58129537.67999999
DSWL,49614366.6265
DTEA,20991117.650000002
DTIL,132041156.44999999
DTOC,418750937.5
DTRT,297850000.0
DTSS,36486949.5
DTST,10096747.959999999
DUET,
DUNE,52417495.7046
DUOL,2857273392.81
DUOT,14281082.0
DVAX,1357503112.5600002
DWAC,558221010.0
DWSN,46672164.839999996
DXCM,43739870075.0
DXLG,421667498.25
DXPE,516967843.15000004
DXR,39047367.743999995
DXYN,12473839.107
DYAI,35132613.0
DYN,604150678.28
DYNT,7405287.4149
DZSI,391012678.15999997
EA,33731482990.120003
EAC,347932500.0
EAR,238358716.92499998
EAST,3602698.0730999997
EBAC,165625617.6
EBAY,22504072337.89
EBC,3047704194.0
EBET,10365002.1226
EBIX,616841824.0400001
EBMT,128961357.12
EBON,18272501.1
EBTC,427980235.79999995
ECBK,147262714.35
ECOR,18273741.43725
ECPG,1121112759.12
ECX,
EDBL,2070667.41
EDIT,609927455.1999999
EDRY,49449837.5
EDSA,41803238.160000004
EDTK,22596000.48
EDTX,52724542.2921
EDUC,27446381.7689
EEFT,4680670111.26
EEIQ,25449250.58
EFHT,146617650.0
EFOI,3016763.19
EFSC,1822453943.04
EFTR,17913506.664
EGAN,288656727.45
EGBN,1406655786.9
EGHT,482493460.32000005
EGIO,250390795.74999997
EGLE,683227541.92
EGLX,83956634.11659999
EGRX,380453470.88
EHTH,132724033.64
EIGR,52007655.12
EJH,2606705.9583
EKSO,15639477.42
ELBM,58381202.339999996
ELDN,31365476.639999997
ELEV,22135756.2
ELOX,3942858.92
ELSE,15381654.919999998
ELTK,24067330.1954
ELYM,97503389.27
ELYS,8501026.8
EMBC,1443403306.1699998
EMBK,77057962.17
EMCF,86432699.2
EMCG,98825229.6
EMKR,36193206.0875
EML,119827571.44000001
EMLD,345294851.28
ENCP,153799734.0
ENER,262029600.0
ENG,27799179.1005
ENLV,72496179.0
ENOB,54538466.01
ENPH,36014309637.119995
ENSC,4809993.0
ENSG,5249366027.82
ENTA,967499281.32
ENTF,392696000.0
ENTG,9775178364.560001
ENTX,21031243.06
ENVB,4322803.68
ENVX,1954373349.48
EOLS,422411740.7
EOSE,109669040.44
EPHY,511380562.50000006
EPIX,111064151.52
EPOW,66961440.0
EPSN,152671933.82999998
EQ,36413209.04
EQBK,520696877.58000004
EQIX,60615241468.45
EQRX,1201546097.58
ERAS,646732412.4399999
ERES,186374755.52
ERIE,13005535968.96
ERII,1147357404.81
ERNA,16509165.4
ESAC,356730000.0
ESCA,138350343.26
ESEA,131294000.69999999
ESGR,4063662981.7599998
ESLT,7274223552.24
ESOA,42891333.879
ESPR,459048653.56
ESQ,352539626.46
ESSA,217090804.37
ESTA,1598073767.5500002
ETNB,592415628.1
ETON,71337644.33999999
ETSY,15054946490.48
EUCR,42018529.410000004
EUDA,36860120.004999995
EVBG,1180998922.62
EVCM,1437416608.0800002
EVER,473969136.74
EVGN,28851160.799999997
EVGO,310034747.88
EVGR,153249100.0
EVLO,176479502.78
EVLV,374575061.84
EVOJ,167650455.75
EVOK,8959427.6
EVOP,1634337587.5200002
EVRG,14444724708.05
EVTV,31994917.439999998
EWBC,9288378897.1
EWCZ,563554989.4499999
EWTX,565129208.52
EXAS,8797136770.89
EXC,42959467956.899994
EXEL,5173885144.719999
EXFY,729953106.68
EXLS,5602137041.7300005
EXPD,16537453025.28
EXPE,13673560737.599998
EXPI,1691939024.24
EXPO,5017742111.610001
EXTR,2404931820.46
EYE,3058646910.8399997
EYEN,58877511.989999995
EYPT,119290269.0
EZFL,7493915.280599999
EZGO,16418748.2297
EZPW,458919605.1
FA,1975083786.0
FAMI,8936612.0844
FANG,24882822962.06
FARM,90100984.02000001
FARO,552314388.5600001
FAST,27102997521.6
FAT,82029051.525
FATBB,86063348.7225
FATE,980449769.87
FATP,146928600.0
FAZE,134137670.65
FBIO,71142982.2
FBIZ,308161639.25
FBMS,769132918.9499999
FBNC,1529891541.3600001
FBRX,21000069.0
FCAP,83946913.8
FCBC,550043331.3
FCCO,165762397.13
FCEL,1127910173.52
FCFS,4025503029.1499996
FCNCA,10999041099.2
FCRD,127467839.27999999
FCUV,279033165.15000004
FDBC,265435770.58
FDMT,719434715.38
FDUS,465043722.0
FEAM,345846675.36
FEIM,65873204.85
FELE,3693903166.25
FEMY,10632249.0
FENC,252102163.2
FEXD,147933125.0
FFBC,2297963629.15
FFBW,64485550.70999999
FFIC,577629679.14
FFIE,172781148.808
FFIN,4906873310.4
FFIV,8663499221.1
FFNW,136731373.1
FFWM,808035325.43
FGBI,251308866.2
FGEN,1505202161.76
FGF,26773014.0
FGI,20425000.0
FGMC,103507472.5
FHB,3324802407.3599997
FHLT,
FHTX,266696300.64
FIAC,292675000.0
FIBK,4036904030.1499996
FICV,250500000.0
FINM,524227500.00000006
FINW,118994305.82
FIP,293271586.15000004
FISI,373561403.88
FISV,64182287641.31999
FITB,22417869758.870003
FIVE,9818706350.300001
FIVN,4784496036.84
FIXX,72425568.6
FIZZ,4343712577.38
FKWL,52111888.8
FLEX,9716743738.68
FLFV,129948446.25
FLGC,20456567.1444
FLGT,900101661.4200001
FLIC,407854476.0
FLL,258681111.67999998
FLNC,1987098658.6499999
FLNT,87146745.87
FLUX,63634756.82
FLWS,617868038.88
FLXS,81210206.0
FLYW,2667217642.65
FMAO,369828774.18
FMBH,656461412.88
FMIV,431329277.47999996
FMNB,480922356.84
FNCB,161583694.67000002
FNCH,22990884.0
FNGR,128800944.35000001
FNKO,514774101.54
FNLC,330598887.18
FNVT,222770250.0
FNWB,152817515.51999998
FNWD,155580323.8
FOCS,2454823285.6400003
FOLD,3430341465.8700004
FONR,111652116.5
FORA,88879826.49
FORD,10780559.7275
FORM,1712268039.69
FORR,681299520.0
FOSL,223415125.35999998
FOX,15439632407.9
FOXA,16481604085.34
FOXF,3856060649.4900002
FOXW,28708144.92
FPAY,20119493.7
FRAF,158372866.0
FRBA,267539642.88
FRBK,137145412.6
FRBN,163343125.0
FREE,170870582.08
FREQ,135759019.55
FRG,910062894.42
FRGI,191026639.64999998
FRGT,2332433.8675
FRHC,3466547582.64
FRLA,133094302.5
FRME,2448619719.3
FROG,2139177423.9599998
FRON,296452800.0
FRPH,509251470.56
FRPT,2534019093.9
FRSG,279439687.20000005
FRSH,4235256863.5000005
FRST,292269549.45
FRTX,4519776.0
FRZA,13376000.0
FSBC,469771506.0
FSBW,257634233.11999997
FSEA,57919709.050000004
FSFG,139826260.0
FSLR,15968454321.9
FSRX,
FSTR,105795585.28
FSTX,138925728.08
FSV,5418417244.05
FTAA,345554663.3
FTAI,1706251497.76
FTCI,276805019.40000004
FTDR,1695049428.8
FTEK,38627778.675
FTFT,27198462.684
FTHM,72566973.5
FTII,153853268.75
FTNT,38194628577.79
FTPA,343560929.98999995
FULC,378934228.40000004
FULT,2818930095.6299996
FUNC,130798063.49999999
FUND,236179449.29
FUSB,50450399.44
FUSN,141001919.1
FUV,8446600.799999999
FVCB,266824198.1
FWAC,354231279.99999994
FWBI,5082569.9276
FWONA,12493113520.68
FWONK,13977883703.28
FWRD,2788993318.33
FWRG,800970845.0699999
FXCO,164151984.0
FXNC,107274586.53
FYBR,6242701920.0
GABC,1099795013.3
GAIA,49518722.68
GAIN,429059499.33
GALT,67151385.64999999
GAMB,333675785.85
GAMC,359914062.5
GAME,15584985.08
GAN,63885018.0
GANX,37194941.839999996
GASS,102381845.08000001
GATE,412957596.65999997
GBBK,222106125.0
GBDC,2248987017.2
GBIO,233531199.21
GBNH,56812531.85
GBNY,25541773.200000003
GBRG,78310687.5
GCBC,488840231.88
GCMG,321437869.19
GCT,231495066.74
GCTK,21822097.65
GDEN,1066101473.8
GDEV,
GDNR,110723437.5
GDRX,1846243936.76
GDST,77633675.0
GDYN,830269004.4000001
GECC,63020231.81999999
GEEX,257500000.00000003
GEG,60645296.480000004
GEHCV,26545970033.52
GEN,13958642249.83
GENQ,
GEOS,54949637.019999996
GERN,922588811.3199999
GEVO,450721290.79999995
GFAI,6958666.71
GFGD,325222750.0
GFS,29374008004.94
GGAA,327635000.0
GGE,143289411.84
GGR,760758237.0
GH,2786263796.7999997
GHIX,647718750.0
GHRS,505642652.28000003
GHSI,8938279.4173
GIAC,148519250.0
GIFI,81686010.87
GIGM,13373204.35
GIII,651074176.2900001
GILD,107676834093.25
GILT,328326492.8
GIPR,12083011.6
GLAD,341723996.9
GLBE,3229530892.8
GLBL,470493750.0
GLBS,21611416.05
GLBZ,23808532.26
GLDD,393711256.05
GLG,65168281.62
GLLI,152439000.0
GLMD,12601698.0
GLNG,2448717130.0
GLPI,13414056623.25
GLRE,283816097.15000004
GLSI,195292108.0
GLST,126941613.15
GLTO,29418183.349999998
GLUE,368316816.16
GLYC,158844550.32
GMBL,5973876.5104
GMDA,95951244.9
GMFI,151717630.0
GMGI,90348432.46000001
GMVD,3282742.0799999996
GNLN,4543509.699999999
GNPX,69636719.8
GNSS,135802842.70000002
GNTX,6397055121.42
GNTY,413586774.08
GNUS,148399754.04000002
GO,2839573338.63
GOCO,92905401.05
GOEV,424370341.74
GOGL,1742220046.49
GOGO,1878509008.08
GOOD,732729666.5
GOOG,1148432390000.0
GOOGL,1141960890000.0
GOSS,205014658.17
GOVX,16596287.3806
GP,40614476.48
GPAC,379125000.0
GPRE,1808512628.0
GPRO,776516400.24
GRAB,12401275763.94
GRAY,10781261.5
GRCY,20129291.52
GREE,12934164.876500001
GRIL,26252705.57
GRIN,355424384.03000003
GRNA,178831436.7
GRNQ,8505878.040000001
GROM,3349621.66
GROW,48982162.050000004
GRPH,193065692.44
GRPN,261152720.4
GRTS,287613655.65000004
GRTX,42465098.339999996
GRWG,238842052.4
GSBC,726663746.61
GSD,137651898.5
GSHD,778935937.0000001
GSIT,42477992.69
GSM,721156821.0
GSMG,99461626.92
GSRM,399763718.75
GSUN,20191040.1
GT,2871039332.7000003
GTAC,256999999.99999997
GTBP,28836372.604000002
GTEC,27423375.400000002
GTHX,274823599.83
GTIM,26761591.360000003
GTLB,6802368000.0
GTX,493915880.34000003
GURE,32976245.16
GVCI,259379624.99999997
GVP,15638875.92
GWAV,9436481.8071
GWII,89188423.5
GWRS,316944278.08
GXII,375375000.0
GYRO,12009708.0
HA,527480307.36
HAFC,754531346.25
HAIA,
HAIN,1445094646.66
HALL,10621755.698399998
HALO,7693623000.2
HAPP,17560128.96
HARP,24114126.3717
HAS,8426318179.219999
HAYN,572088465.03
HBAN,20342552995.5
HBCP,331513809.02
HBIO,115391795.76
HBNC,662538126.12
HBT,562688890.82
HCAT,582003512.6800001
HCCI,785278671.52
HCDI,5329321.1004
HCKT,645792187.74
HCMA,398216250.0
HCNE,394126562.5
HCP,5139050697.36
HCSG,889056000.0
HCTI,7481671.4904
HCVI,448663274.64
HCWB,68686690.756
HDSN,456168229.43999994
HEAR,118713403.2
HEES,1648482626.0
HELE,2660739107.34
HEPA,22891753.9851
HERA,1100318817.0
HEXO,43357023.46
HFBL,53241956.949999996
HFFG,218047951.51999998
HFWA,1075594158.72
HGBL,86790615.95
HGEN,14289616.2
HHGC,51342400.6
HHS,85547805.77
HIBB,868278577.5
HIFS,592044584.0
HIHO,8588054.055
HILS,4494339.817799999
HITI,108257897.44
HIVE,119558525.75999999
HLBZ,16914458.655
HLIT,1381217010.3
HLMN,1402172493.54
HLNE,2418885509.8
HLTH,309325142.52
HLVX,557866199.8000001
HMAC,91278970.0
HMNF,95624027.84
HMPT,189606228.59
HMST,516370411.2
HNNA,63619130.400000006
HNRG,329496223.95
HNST,278945407.93
HNVR,145768110.0
HOFT,211905351.9
HOFV,44441768.02
HOLI,1018052862.21
HOLO,115348400.65349999
HOLX,18390823510.79
HON,144078654317.6
HONE,683720080.5
HOOD,7218230478.14
HOOK,44320490.550000004
HOPE,1530561448.0800002
HORI,
HOTH,10142979.6
HOUR,91461128.58
HOWL,63026528.39999999
HPCO,19142661.447
HPK,2588033853.4900002
HPLT,250749999.99999997
HQI,219405693.93
HQY,5217199059.56
HRMY,3268397225.4
HROW,439701580.8
HRTX,297220305.0
HRZN,306257121.59999996
HSAQ,111896927.66000001
HSCS,6895993.2591969995
HSDT,8655592.156200001
HSIC,10826184815.25
HSII,555501765.16
HSKA,672918425.76
HSON,63150915.919999994
HST,11476195564.050001
HSTM,759353583.6
HSTO,3545559.9699999997
HTBI,377729920.16
HTBK,789346922.0
HTCR,16061396.26
HTGM,4081083.72
HTLD,1210916037.76
HTLF,1978777508.3999999
HTOO,59446134.559999995
HTZ,5139523850.13
HUBG,2641403177.73
HUDA,
HUDI,72335044.56
HUGE,30041415.928799998
HUMA,217579952.70999998
HURC,171595553.22
HURN,1447170575.3999999
HUT,166786253.7
HVBC,63674372.88
HWBK,147352008.37
HWC,4146698932.17
HWEL,309687500.0
HWKN,811350692.8000001
HYFM,70014164.95
HYMC,106563985.7279
HYPR,59283614.879999995
HYRE,12895641.576
HYZN,386548267.45
HZNP,25828343083.399998
IAC,3945223138.7999997
IART,4682863399.41
IAS,1352151425.04
IBCP,503878244.48
IBEX,453462775.15000004
IBKR,7442803669.999999
IBOC,2842327762.56
IBRX,2029541817.42
IBTX,2475068477.04
ICAD,46566924.81
ICCC,47255870.4
ICCH,
ICCM,70716322.7
ICFI,1866487799.75
ICHR,772483988.7
ICLR,15859595445.75
ICMB,50719307.4
ICPT,512329860.98999995
ICU,52068638.8
ICUI,3776620478.24
ICVX,316809199.82
IDAI,11677024.4232
IDCC,1467724893.6399999
IDEX,96670273.632
IDN,37901624.0
IDRA,21824401.9
IDXX,33786005777.719997
IDYA,874222313.1700001
IEP,17093055618.15
IESC,719387492.49
IFBD,11455989.0
IFRX,137031665.3
IGAC,100860171.9
IGIC,394321224.0
IGMS,728478952.11
IGTA,
IHRT,878055609.4399999
III,220798808.6
IIIV,559799311.0
IINN,14291974.5
IKNA,96444931.38000001
IKT,12613525.5
ILMN,31806060000.0
IMAQ,88625709.0
IMBI,18506782.080000002
IMCC,7378773.9448
IMGN,1094924602.8799999
IMGO,1216592182.5500002
IMKTA,1832197508.9599998
IMMR,227131531.85
IMMX,31892983.43
IMNM,26804743.03
IMNN,10036317.15
IMPL,89022423.75
IMPP,46559104.5336
IMRA,107514909.75999999
IMRX,128062950.19999999
IMTE,10853815.507199999
IMTX,663937500.98
IMUX,62101338.599999994
IMV,20015900.28
IMVT,2292988505.25
IMXI,903211614.0600001
INAB,56599982.67
INBK,224350866.28
INBS,3668745.347505
INBX,1073107038.08
INCR,150389873.7
INCY,17869229589.76
INDB,3853574745.3500004
INDI,729518061.69
INDP,12181518.15
INDT,647116491.84
INFI,49586797.455000006
INFN,1481073420.94
INGN,451772949.42
INKA,150700994.56
INKT,88181274.69
INM,3211773.74
INMB,113777608.3
INMD,2965994556.0
INNV,973392657.4399999
INO,389203251.84000003
INOD,81176463.81
INPX,5506118.1
INSE,327737385.99
INSG,90863342.7625
INSM,2706826643.82
INTA,1571298087.14
INTC,109076610000.0
INTE,145332687.5
INTG,104506721.82000001
INTR,950748112.1700001
INTU,109341764727.00002
INTZ,66822042.56
INVA,924627201.25
INVE,162995053.96
INVO,5155935.5432
INVZ,533731590.45000005
INZY,42414081.15
IOAC,330733000.0
IOBT,66275114.099999994
IONM,4952259.039399999
IONS,5365241190.72
IOSP,2547314733.92
IOVA,1008601312.5899999
IPA,129913684.08
IPAR,3076635325.0
IPAX,412187500.0
IPDN,20674542.104999997
IPGP,4611788366.53
IPSC,302537887.11
IPVI,366203125.0
IPW,11828923.227618
IPWR,63171218.2797
IQMD,265994999.99999997
IRAA,349140000.0
IRBT,1316424807.2
IRDM,6458026299.0
IREN,68728645.0
IRIX,32139140.219999995
IRMD,355501645.44
IRON,86180008.59
IROQ,57574048.5
IRTC,2820485942.26
IRWD,1900569960.03
ISEE,2870498690.82
ISIG,14030711.86
ISO,62511383.75
ISPC,12046376.375
ISPO,70059869.6
ISRG,93770595649.50002
ISSC,142339270.86
ISTR,212950646.4
ISUN,19900834.46
ITAQ,219506250.0
ITCI,5011791457.68
ITI,132607666.30999999
ITIC,279899694.1
ITOS,694786058.19
ITQ,290087500.0
ITRI,2288265345.45
ITRM,10276034.16
ITRN,428246548.77
IVAC,164601044.32
IVCA,334434375.0
IVCB,444187500.00000006
IVCP,284906250.0
IVDA,8306540.1450000005
IVVD,163473601.5
IXAQ,291381250.0
IZEA,33842521.155
JACK,1417967663.7900002
JAGX,13141632.2092
JAKK,170064609.66
JAMF,2585550278.1
JAN,4315815.100000001
JANX,548702091.93
JAQC,201148710.59
JAZZ,10031164439.2
JBHT,18052785074.280003
JBLU,2098726938.72
JBSS,937366288.1999999
JCIC,436856250.00000006
JCSE,11051716.0
JCTCF,19923449.400000002
JEWL,56805068.05
JFBR,9366091.719999999
JGGC,313413336.74
JJSF,2877580850.4300003
JKHY,12807002457.48
JMAC,139109159.0
JMSB,405110445.8
JNCE,57380603.07000001
JOAN,116242930.05
JOUT,673981524.96
JRSH,48215332.43
JRVR,783289457.3100001
JSPR,17902718.7834
JUGG,347001000.0
JUPW,16843499.316
JVA,11645541.96
JWAC,189719750.0
JWEL,13064460.4035
JXJT,10528712.26
JYNT,203124912.42000002
JZXN,3007833.3090000004
KA,61984502.65
KACL,104911118.62
KAII,295132500.0
KAIR,347587500.0
KAL,6707079.399999999
KALA,60858291.55
KALU,1210849875.0
KALV,166418694.0
KARO,721160769.8000001
KAVL,50411758.275
KBAL,237727789.0
KBNT,9210398.75
KDNY,1675244244.0
KDP,50503521607.619995
KE,558206377.29
KELYA,641321571.8
KELYB,654982859.72
KEQU,45141690.0
KERN,3057480.3994
KFFB,54310268.7
KFRC,1137922410.18
KHC,49866906976.44
KIDS,909479294.9999999
KINS,14424073.65
KINZ,78928660.0
KIRK,42089414.4
KITT,176717883.54000002
KLAC,53432060828.81
KLIC,2523660408.88
KLTR,229215564.35999998
KLXE,212487399.02999997
KMDA,179650021.04
KMPH,158377316.57999998
KNBE,5530809839.940001
KNDI,170735281.29999998
KNSA,1041585794.76
KNTE,269404566.3
KOD,374533542.64
KOPN,117954327.92
KOSS,45439985.25
KPLT,94185435.0348
KPRX,3916590.0900000003
KPTI,384924767.8
KRBP,3297181.9426
KRMD,161649414.35999998
KRNL,384746875.0
KRNT,1146489941.24
KRNY,685812875.65
KRON,92175365.88000001
KROS,1322626913.02
KRT,286078132.44
KRTX,6752285680.5
KRUS,466823055.36
KRYS,2039728595.34
KSCP,70933038.11999999
KSI,219406250.0
KSPN,2755437.915
KTCC,46598901.43
KTOS,1299876105.8400002
KTRA,11135245.94
KTTA,18768883.0896
KURA,830191422.52
KVHI,196039590.32000002
KVSA,404090200.0
KVSC,624744192.875
KWE,10338743.700000001
KXIN,57846950.5876
KYCH,152863200.0
KYMR,1369423585.92
KZR,481381535.36
LAB,92776838.30999999
LABP,20131470.489
LAKE,97354483.80000001
LAMR,9598919568.0
LANC,5436206900.0
LAND,636818491.75
LARK,118020609.64
LASE,16071970.68
LASR,459414004.14000005
LATG,167050000.0
LAUR,1507418194.36
LAZR,1795651362.45
LAZY,125808233.82
LBAI,1141296686.19
LBBB,93151885.0
LBC,567438861.55
LBPH,56122041.0
LBRDA,11246792018.449999
LBRDK,11309068256.39
LBTYA,8703121488.36
LBTYB,
LBTYK,8932997914.36
LCA,626250000.0
LCAA,361717279.2
LCFY,6055893.356
LCID,12487358686.49
LCNB,202814262.0
LCUT,167012394.12
LDHA,289512500.0
LE,250487016.78
LECO,8342621416.000001
LEDS,7731753.600000001
LEE,110938966.39999999
LEGA,434268750.0
LEGH,462738139.20000005
LESL,2241088650.2400002
LEXX,14639455.08
LFAC,331846875.0
LFCR,196321870.8
LFLY,26099186.779200003
LFMD,61012485.9
LFST,1857372845.64
LFUS,5451178936.2
LFVN,46723330.2
LGAC,725937500.0
LGHL,39618012.004999995
LGIH,2156680483.6
LGMK,4286546.7957
LGND,1128491077.2
LGO,344346900.0
LGST,495151329.89
LGTO,
LGVC,357103163.25
LGVN,67679264.10000001
LHCG,5017726093.38
LHDX,4510543.7894
LIBY,152182857.75
LIDR,77404826.59920001
LIFE,63530546.58
LILA,1637153985.8400002
LILAK,1652373212.8
LILM,430518437.28
LINC,152019808.2
LIND,409187209.2
LINK,53891071.68
LION,163294750.0
LIPO,17978547.849999998
LIQT,16680810.98
LITE,3557994000.0
LITM,40868448.239999995
LITT,424044934.9182
LIVB,128695458.42
LIVE,95537866.4
LIVN,2972650924.62
LIXT,8473115.837
LJAQ,76680241.0
LKCO,74564301.36320001
LKFN,1849799277.98
LKQ,14269815948.849998
LMAT,1012480497.6
LMB,109007378.1
LMDX,285919699.5
LMFA,7226719.416
LMNL,10088832.0
LMNR,215925486.15
LMST,186541522.86
LNKB,139685634.0
LNSR,32628979.84
LNT,13858915234.300001
LNTH,3507683204.48
LNW,5489272315.400001
LOAN,61268056.85
LOCO,369009852.72
LOGI,10063163563.5
LOOP,113349093.61
LOPE,3291011884.08
LOVE,334385648.42
LPCN,35209592.6598
LPLA,17207214576.94
LPRO,852527045.25
LPSN,763826609.5200001
LPTH,33040066.84
LPTX,44559619.2
LQDA,410832837.87
LQDT,503321721.86
LRCX,57320234920.8
LRFC,60618667.1596
LRMR,178701796.0
LSAK,269719340.8
LSBK,68888161.09
LSCC,8892415039.84
LSEA,213349724.03
LSTA,19885000.52
LSTR,5852225668.5
LSXMA,12833224679.28
LSXMB,12741815294.640001
LSXMK,12774461503.44
LTBR,45061063.690000005
LTCH,102807544.0745
LTRN,65576521.6
LTRPA,50794229.5416
LTRPB,1896439275.0
LTRX,156556212.48000002
LTRY,8959281.0235
LUCD,53187213.2
LUCY,10010805.09
LULU,40853171440.06
LUMO,30238103.66
LUNA,289733958.29999995
LUNG,315359547.57
LUXH,46903501.408199996
LVAC,
LVLU,98139649.61999999
LVO,56277223.002
LVOX,297147050.64000005
LVRA,341819503.2
LVTX,92011804.5
LWAY,85997816.1
LWLG,486328909.53999996
LXRX,360466169.13
LYEL,865159925.69
LYFT,3977501606.2
LYLT,59314758.53
LYRA,99936805.12
LYT,21422333.5749
LYTS,339995498.4
LZ,1491105380.76
MACA,149589850.0
MACK,153681384.78
MANH,7574976618.8
MAPS,91861992.68
MAQC,89862913.6
MAR,47129582979.56999
MARA,399600628.38
MARK,123200000.00000001
MARPS,14020000.0
MASI,7776941890.849999
MASS,241639984.08
MAT,6322523437.92
MATH,13839211.879499998
MATW,922272672.44
MAXN,722645636.9
MAYS,96959018.0
MBCN,217642940.2
MBIN,1048424936.96
MBIO,42374430.9494
MBLY,28115031389.300003
MBOT,23750790.279999997
MBRX,30345496.62
MBTC,56701984.408
MBUU,1084405396.1
MBWM,531199873.79999995
MCAA,
MCAC,
MCAE,71427480.92
MCAF,76330750.0
MCAG,
MCBC,377736501.48999995
MCBS,547429863.12
MCFT,460599181.25
MCHP,38638111877.5
MCHX,67940889.60000001
MCLD,20531379.456
MCRB,697713749.5999999
MCRI,1457960730.27
MCVT,12679772.749999998
MDB,13638208998.4
MDGL,5178726123.75
MDIA,25783223.186
MDJH,17629576.16
MDLZ,91018473558.20001
MDNA,31893960.802
MDRR,12209706.894699998
MDRX,1927342448.64
MDVL,23997699.660800003
MDWD,78502532.37
MDWT,47494414.24
MDXG,315997537.62
ME,983847129.1200001
MEAC,224165637.5
MEDP,6605929121.7699995
MEDS,3751711.8408000004
MEGL,25800000.0
MEIP,32462346.714
MEKA,296655500.0
MELI,42561550252.32
MEOA,165775087.5
MEOH,2649202010.4
MERC,770186103.24
MESA,55656652.410000004
META,319887428424.08
METC,387829760.58
METX,3472949.9934
MFIC,746145492.6
MFIN,163704770.45999998
MGAM,16843729.9064
MGEE,2545901248.0
MGI,1051375496.49
MGIC,786613110.9595
MGNI,1412544153.03
MGNX,412498732.91
MGPI,2339725549.68
MGRC,2407522619.2999997
MGTA,23919430.400000002
MGTX,316071402.68
MGYR,86444413.88
MHLD,183931862.89
MHUA,198223199.99999997
MICS,13729455.268199999
MICT,130683402.05999999
MIDD,7215003595.8
MIGI,18803716.93
MIND,6341440.606199999
MINM,8756801.24
MIRM,718972410.0
MIRO,62503842.050000004
MIST,135772567.92
MITA,188249999.99999997
MITK,432953357.01
MKSI,5635118622.1
MKTW,56907483.36
MKTX,10496533566.47
MLAB,887030691.47
MLAC,183281250.0
MLAI,256845312.50000003
MLGO,54820882.5
MLKN,1587443934.89
MLTX,409264800.0
MLVF,135500447.0
MMAT,430697256.91999996
MMLP,116552250.0
MMMB,65190553.315
MMSI,4019648381.1000004
MMYT,2902402856.64
MNDO,42219084.6
MNDY,5500407454.0
MNKD,1387040775.11
MNMD,82656505.80000001
MNOV,100544804.3
MNPR,30621129.96
MNRO,1421787334.4
MNSB,204393455.57
MNST,53011377241.68
MNTK,1583948601.4299998
MNTS,65628367.407900006
MNTV,1040638221.0
MNTX,80408240.0
MOBQ,4981726.865
MOBV,135177888.0
MODD,21851446.0
MODV,1268631812.52
MOFG,496047077.5
MOGO,40201922.9
MOND,895105180.4959999
MORF,1031279936.75
MORN,9193419858.92
MOTS,3910700.6399999997
MOVE,43701045.7
MOXC,16042270.2624
MPAA,230347066.66
MPAC,30616645.599999998
MPB,476016596.90999997
MPRA,294112500.0
MPWR,16599160620.0
MQ,3330576977.65
MRAI,15075288.719999999
MRAM,113104577.99999999
MRBK,175697932.54
MRCC,185030543.6
MRCY,2594133918.2000003
MRIN,16115170.0
MRKR,22708648.078215
MRNA,69006495841.78
MRNS,197478434.06
MRSN,584674802.02
MRTN,1604091380.96
MRTX,2609261578.11
MRUS,716305507.19
MRVI,1882332277.02
MRVL,31602528000.0
MSAC,116963050.0
MSBI,589618891.4
MSDA,725218750.0
MSEX,1387628268.65
MSFT,1787731749394.0798
MSGM,4844523.25
MSPR,118144814.4
MSSA,149696900.0
MSTR,1633193141.58
MSVB,37333313.86
MTAC,313437500.0
MTBC,42768784.480000004
MTC,2431172.637999
MTCH,11588410337.94
MTCR,19066885.7685
MTEK,6639349.279999999
MTEM,18483340.216000002
MTEX,33266559.299999997
MTRX,168109949.06
MTRY,51391032.0
MTSI,4450697217.559999
MTTR,804841850.4
MU,54537004068.96
MULN,474501957.64399993
MURF,177173812.5
MVBF,277803549.3
MVIS,390182933.85
MVST,473216862.51
MXCT,557175358.74
MXL,2667312916.1000004
MYFW,267199968.89999998
MYGN,1175800670.16
MYMD,45390510.349999994
MYNZ,102829108.3
MYPS,503953885.36
MYRG,1528431420.78
MYSZ,3930538.72
NAAC,479593125.0
NAII,50856261.870000005
NAMS,938769497.8000001
NAOV,8265043.836
NARI,3410175146.0
NATH,274197981.2
NATI,4817979089.099999
NATR,159466403.20000002
NAUT,224502345.0
NAVI,2230853145.85
NBIX,11482291302.72
NBN,313531414.2
NBRV,5790859.83
NBSE,6293462.5614
NBST,166784618.0
NBTB,1860108588.26
NCAC,336685420.0
NCMI,18040033.44
NCNO,2935752788.1200004
NCPL,8799040.5
NCRA,11543791.36
NCSM,60211850.0
NDAQ,30139998920.100002
NDLS,252674839.89000002
NDRA,12855998.540000001
NDSN,13587320201.28
NECB,240509266.08
NEGG,491598313.28000003
NEO,1167042131.64
NEOG,3291319905.48
NEON,74636771.0
NEOV,91638576.72
NEPH,11938366.0484
NEPT,3694689.6100999997
NERV,8490906.870000001
NESR,634046970.9
NEWT,396902285.0
NEXI,6339671.4381
NEXT,713297122.2
NFBK,751431144.75
NFLX,131227643270.72
NGM,410265087.26
NGMS,311983960.46
NH,28117227.5
NHIC,242406874.99999997
NHTC,39179308.77
NICK,45990000.0
NISN,21358381.7664
NKLA,1034318248.5600001
NKSH,239699362.49999997
NKTR,424777129.31999993
NKTX,292394182.8
NLSP,41833271.97
NLTX,21680652.418
NMFC,1248591011.62
NMIH,1746843547.8999999
NMRD,41387597.8516
NMRK,1369563779.84
NMTC,19486156.8
NMTR,16323906.06
NN,311705439.37
NNBR,65803702.5
NNOX,385737471.0
NODK,280293810.09
NOGN,51354607.15
NOTV,126436696.62
NOVN,35714852.88
NOVT,4849228832.7
NOVV,37323345.4
NPAB,317812500.0
NPCE,37105687.54
NRAC,304893750.0
NRBO,13612428.655000001
NRC,920983475.8
NRDS,713605603.1999999
NRIM,310222209.93
NRIX,517682635.38
NRSN,14242259.26
NRXP,75081858.54
NSIT,3492519911.85
NSPR,7164453.357000001
NSSC,1009745867.4
NSTG,371775043.82
NSTS,54681324.67
NSYS,32960266.5
NTAP,12947335821.42
NTCT,2348718727.89
NTGR,523362791.55
NTIC,124666211.67
NTLA,2973823261.62
NTNX,5994381025.8
NTRA,4379850428.070001
NTRB,28236942.7248
NTRS,18442702903.77
NTWK,32514524.115
NUBI,
NURO,11558266.74
NUTX,1234563131.1
NUVA,2150004551.64
NUVL,1680826946.8200002
NUWE,3380187.52
NUZE,5849380.850000001
NVAC,244829437.50000003
NVAX,873840626.56
NVCN,43382941.875
NVCR,7698088514.7
NVCT,109818622.5
NVDA,359504399999.99994
NVEC,312795983.5
NVEE,2058896818.24
NVFY,3021973.048
NVIV,4500179.5
NVMI,2334927023.6800003
NVNO,48306853.199999996
NVOS,7074819.2633
NVSA,348277500.0
NVTS,538585298.55
NVVE,16234172.360000001
NWBI,1775297370.66
NWE,3512242326.3
NWFL,272090813.28
NWL,5409888000.0
NWLI,1021721620.0
NWPX,334552032.0
NWS,10614576576.68
NWSA,10476425905.4
NWTN,3066226410.2200003
NXGL,6965292.5
NXGN,1269618087.66
NXL,5452690.789
NXPI,40951082241.86
NXPL,17922901.5
NXST,6600108778.29
NXTC,39162095.76
NXTP,13562064.5955
NYAX,
NYMT,949922053.12
NYMX,29263544.762
NYXH,128972932.21000001
OABI,413933731.2
OB,190251851.20000002
OBLG,3623967.2448
OBNK,1125743213.4
OBSV,14706307.45
OBT,262833286.17999998
OCAX,191920625.0
OCC,34887917.48
OCCI,76673506.0
OCFC,1256757470.0
OCG,10641091.089599999
OCGN,284552960.90000004
OCSL,1259781097.5
OCUL,216399181.85
OCUP,73448762.95
OCX,38072802.1589
ODFL,31352474691.159996
ODP,2086217593.02
OESX,58212053.9
OFED,140236100.0
OFIX,410838106.94
OFLX,942002129.04
OFS,135939477.8
OGI,251085529.60000002
OHAA,158441250.0
OIG,27692666.664
OKTA,10945315732.779999
OLB,12332480.147499999
OLED,5103437618.280001
OLIT,191666670.0
OLLI,2915275368.92
OLMA,99115796.15
OLPX,3382234750.14
OM,1247309461.6
OMCL,2251245033.64
OMER,141769833.89999998
OMEX,75688979.72
OMGA,274358962.05
OMIC,143506181.1
OMQS,33584536.980000004
ON,26970258248.01
ONB,5266162200.0
ONCR,6578995.095500001
ONCS,4990465.2
ONCT,56337022.0
ONCY,96216761.44
ONDS,68187223.14
ONEM,3414694732.8300004
ONEW,408838258.40000004
ONFO,7767496.4
ONTX,13511913.034400001
ONVO,12285707.879999999
ONYX,341205000.0
OP,11304299.940000001
OPAL,214598893.6
OPBK,169630214.4
OPCH,5473398983.7
OPEN,735674819.9599999
OPGN,7571488.499999999
OPHC,27683201.81
OPI,648356887.65
OPK,965857348.75
OPNT,104803267.92
OPOF,134911656.0
OPRT,182891793.53
OPRX,288165645.6
OPTN,206056274.5
ORGN,657865140.35
ORGO,352161616.31
ORGS,49814222.25
ORIA,251250000.00000003
ORIC,233106509.73
ORLY,52815946161.33
ORMP,470550274.08
ORRF,247292150.64000002
OSA,89227847.44
OSBC,714966286.3199999
OSIS,1340290753.76
OSPN,443818899.0
OSS,60297671.489999995
OST,12757500.0
OSTK,885521714.88
OSUR,350038247.26000005
OSW,862796396.34
OTEC,137133410.39999998
OTEX,8009772335.76
OTLK,274973902.20000005
OTMO,57292584.953999996
OTRK,9937836.25
OTTR,2444153191.92
OVBC,126070269.08000001
OVID,131068406.10000001
OVLY,187061684.1
OXAC,151420500.0
OXBR,6937904.399999999
OXLC,828945000.0
OXSQ,155425530.0
OXUS,225839625.0
OYST,299850741.64
OZK,4709518857.740001
PAA,8212392375.599999
PAAS,3442642949.42
PACB,1849573869.5
PACW,2703697478.5499997
PACX,510168750.0
PAHC,543153383.28
PALI,8016335.600000001
PALT,12335477.88
PANA,236627250.00000003
PANL,236501863.8
PANW,42190885593.579994
PARA,10958064057.68
PARAA,12730310199.71
PASG,75283502.94
PATI,24614061.67
PATK,1373419917.0
PAVM,44978265.12
PAX,2050397514.8999999
PAYA,1040528335.36
PAYO,1915559467.8899999
PAYS,134797084.56
PAYX,41655514286.88
PBAX,236024331.87500003
PBBK,37201880.38
PBFS,296145540.6
PBHC,114861149.7
PBLA,2324486.8146
PBPB,160484299.34
PBTS,20919445.1235
PBYI,196042141.8
PCAR,34418556897.75
PCB,261814352.77
PCCT,305612500.0
PCH,3553362634.0
PCRX,1771507417.68
PCSA,17590016.400000002
PCSB,291965509.92
PCT,1105303595.24
PCTI,80728174.2
PCTY,10815209677.14
PCVX,3787100398.2000003
PCYG,91083237.3
PCYO,251380039.60000002
PDCE,5849343207.24
PDCO,2720816040.0
PDEX,56927024.4
PDFS,1066161078.04
PDLB,230469247.20000002
PDSB,376314681.59999996
PEAR,164660862.72
PEBK,183567744.8
PEBO,798669846.75
PECO,3728464000.0
PEGA,2814218367.6800003
PEGR,332028795.25
PEGY,21938315.38
PENN,4606995036.599999
PEP,248896945697.94
PEPG,315958823.88
PEPL,216962500.00000003
PERI,1129973090.4
PESI,47036388.68
PET,113291295.04
PETQ,267135374.96
PETS,373039482.9
PETV,19785729.4725
PETZ,16001065.4
PEV,21708783.040000003
PFBC,1071340382.84
PFC,959225322.54
PFDR,409093750.0
PFG,20533779736.8
PFHD,383212204.97999996
PFIE,49862562.18
PFIN,16133229.95
PFIS,371184664.32000005
PFMT,268145366.95
PFSW,139261823.85
PFTA,324863916.71999997
PFX,65208850.2
PGC,667011096.62
PGEN,316388031.92
PGNY,2893312988.2999997
PGRW,
PGY,844528207.4
PHAR,719612950.8399999
PHAT,466985993.1
PHCF,6034673.944
PHIO,5084485.956
PHUN,79362477.5361
PHVS,380112075.0
PI,2829399481.6400003
PIII,76505157.60000001
PIK,5364052.9538
PINC,4154298887.64
PIRS,77382503.12
PIXY,202611556.2
PKBK,247274205.49999997
PKBO,84045056.34
PKOH,156814625.44
PLAB,1039055807.7899998
PLAO,
PLAY,1711407806.7199998
PLBC,216750502.79999998
PLBY,128044961.0
PLCE,445336038.96000004
PLL,792810236.5600001
PLMI,402212593.44
PLMR,1139510357.76
PLPC,409773556.89000005
PLRX,942519569.2699999
PLSE,103122114.0
PLTK,3073168865.2599998
PLUG,7210527687.7699995
PLUR,30701075.084400002
PLUS,1191429074.52
PLXP,4781495.2572
PLXS,2845966534.6200004
PLYA,1060389121.24
PMCB,54868885.260000005
PMD,27685540.4712
PME,34376386.0
PMGM,346725000.0
PMN,37234092.56
PMTS,410793133.52
PMVP,397289223.59999996
PNAC,85967742.72
PNBK,41947051.4
PNFP,5611783274.200001
PNRG,166833835.0
PNT,770150161.89
PNTG,325849188.78000003
POAI,24145815.435
POCI,31378278.2904
PODD,20445003676.17
POET,114282689.0
POLA,16704919.5
PONO,157472470.75
POOL,11806173339.939999
POSH,1416425957.52
POW,348450000.0
POWI,4102230519.2
POWL,415879771.94
POWW,203188076.15
PPBI,2998581150.12
PPC,5611418031.45
PPHP,92798589.35
PPIH,75643488.89999999
PPSI,25847380.6
PPTA,183932578.28
PPYA,384537290.625
PRAA,1316640019.8
PRAX,112142215.64
PRCH,189042540.84
PRCT,1857670752.3799999
PRDO,933669324.5
PRDS,105322361.56
PRE,237665140.0
PRFT,2418104244.52
PRFX,4388720.3082
PRGS,2169265395.35
PRIM,1165257687.5800002
PRLD,289073270.52
PRLH,255750000.0
PRME,1806130994.36
PROC,592326960.75
PROF,227339934.03
PROK,422165984.66
PROV,99180297.72
PRPH,156754867.32000002
PRPL,439906400.63
PRPO,12583091.364
PRQR,264308108.8
PRSO,16921975.24
PRSR,404218750.0
PRST,117039449.7
PRTA,3110500601.5
PRTG,90260496.0689
PRTH,399772455.68
PRTK,103877501.42
PRTS,341542470.0
PRVA,2595719979.6600003
PRVB,921605350.19
PSEC,2779381093.26
PSHG,14327119.86
PSMT,1887274735.26
PSNL,91023282.9
PSNY,11200800084.57
PSTV,10651635.241
PSTX,455531740.5
PTC,14183220804.880001
PTCT,2785544838.78
PTE,4753920.5086
PTEN,3651277933.2
PTGX,536754664.01
PTIX,6914104.4
PTLO,788300031.36
PTMN,221004999.0
PTOC,432543750.0
PTON,2700028132.7400002
PTPI,4824970.99
PTRA,850318810.12
PTRS,159140653.14
PTSI,574644931.6999999
PTVE,2019842784.32
PTWO,153682125.0
PUBM,673372279.02
PUCK,333602175.0
PULM,14120037.799999999
PVBC,128990840.16000001
PWFL,97299820.53
PWOD,187836017.38
PWP,419268705.8
PWUP,370156250.0
PXLW,97095189.03
PXMD,24432251.759999998
PXS,51156703.68
PYCR,4303196173.179999
PYPD,13709786.58
PYPL,81192775073.04
PYR,130833839.19444999
PYXS,47030323.04
PZZA,2907860273.4300003
QCOM,123242740000.0
QCRH,838142559.16
QDEL,5658105819.86
QIPT,167700868.8
QLGN,5428002.202
QLI,26416032.5
QLYS,4263396494.67
QMCO,113185602.18
QNCX,23029457.0444
QNST,769738993.8
QOMO,66073858.69
QRHC,120706172.21000001
QRTEA,623004973.1999999
QRTEB,1937813014.8000002
QRVO,9189941832.72
QSI,255868760.85000002
QTEK,12256734.487200001
QTNT,1342049.8
QTRX,513207664.25
QUBT,80485725.55
QUIK,67398455.6
QUMU,16026548.7222
QURE,1061298521.0300001
RACY,235574625.0
RADI,1126251714.66
RAIL,55114579.2
RAIN,281129248.0
RAM,60547226.239999995
RAND,34379199.72
RANI,145847834.8
RAPT,672505158.6
RARE,3247994949.8199997
RAVE,29461667.5
RAYA,23880000.0
RBB,395436429.6
RBBN,469063373.67
RBCAA,808040488.2
RBKB,102802387.14999999
RCAC,206868750.0
RCAT,51058654.919999994
RCII,1255359582.4
RCKT,1540726921.4
RCKY,173049827.82
RCLF,319412500.0
RCM,4560793895.099999
RCMT,121447367.76
RCON,42588904.68
RCRT,6818755.3396
RDCM,158474542.6
RDFN,461094564.32000005
RDI,61061392.48
RDIB,437569906.40000004
RDNT,1080104805.5
RDVT,319835345.06
RDWR,885605187.75
REAL,122582225.0
REAX,187794428.85
REBN,10759320.8123
REE,94745851.2234
REED,8253483.899
REFI,266104748.91
REFR,63317256.36
REG,10695170000.0
REGN,78571657083.15
REKR,65217061.199999996
RELI,10253132.9451
RELL,296510356.34999996
RELY,1954100544.35
RENE,294687500.0
RENT,198319500.35
REPL,1352911870.3999999
RETA,1392092453.45
RETO,17674325.919999998
REUN,10479688.200000001
REVB,4474206.907
REVE,141055500.0
REYN,6291682486.84
RFAC,147353250.0
RFIL,52202821.739999995
RGC,362928832.74
RGCO,216800230.5
RGEN,9400842767.09
RGF,41105237.55
RGLD,7399358991.2
RGLS,23071157.57
RGNX,981899551.08
RGP,620340825.18
RGTI,89713515.3768
RIBT,4649723.1573
RICK,860164667.75
RIDE,262078611.65999997
RIGL,259254504.0
RILY,972893727.0000001
RIOT,567136528.29
RIVN,16973215486.15
RKDA,6678242.16
RKLB,1784179610.07
RLAY,1806169820.94
RLMD,105046218.47000001
RLYB,243690491.43
RMBI,153456046.38
RMBL,104773141.95
RMBS,3850005598.2
RMCF,35561023.2
RMGC,608881875.0
RMNI,336339180.0
RMR,469112183.25
RMTI,11807163.094999999
RNA,1474803274.42
RNAZ,8733678.482
RNER,273881532.0
RNST,2103277179.3600001
RNW,2195477014.5
RNXT,21379597.35
ROAD,1406325645.8300002
ROC,274954240.0
ROCC,771818362.77
ROCG,151332300.0
ROCK,1420948195.3600001
ROCL,149997015.0
ROIC,1871818329.33
ROIV,5796096108.13
ROKU,5668269301.200001
ROOT,63309000.0
ROSE,200272500.0
ROST,39971143014.63
ROVR,674374122.89
RPAY,730047053.7500001
RPD,2012836561.6
RPHM,57154075.18
RPID,47453542.05
RPRX,17432438142.08
RPTX,617253812.1
RRBI,366810699.90000004
RRGB,88878491.1
RRR,2320596764.19
RSLS,3258978.72
RSSS,56250397.44
RSVR,384312206.88
RTC,30633551.060000002
RTL,795950176.0899999
RUBY,15815018.1
RUM,1660823363.15
RUN,5118751330.38
RUSHA,2845958936.2400002
RUSHB,3063161999.6600003
RUTH,513969065.28000003
RVLP,111052193.28000002
RVMD,2114996832.18
RVNC,1518770323.72
RVPH,86882201.75
RVSB,165174773.76
RVSN,18110358.372
RVYL,22778287.222799998
RWAY,469674585.57
RWLK,47140535.486
RWOD,
RXDX,5113647110.0
RXRX,1461474793.95
RXST,351233077.44
RXT,622774134.2
RYTM,1640863398.72
RZLT,76233063.69
SABR,2029272283.98
SABS,29727524.759538
SAFT,1241791692.68
SAGA,153069200.0
SAGE,2269089870.56
SAI,45354216.87
SAIA,5548649241.84
SAL,181616532.4
SALM,28577626.35
SAMA,208312500.0
SAMG,180707461.74
SANA,753369457.75
SANG,107201523.94999999
SANM,3290148486.93
SANW,63508933.05
SASI,4200570.6802
SASR,1572817596.87
SATL,271432145.3
SATS,1386623195.16
SAVA,1232868353.78
SBAC,30263819956.78
SBCF,1917446670.3200002
SBET,7079635.837800001
SBFG,118672696.05
SBFM,14454804.48
SBGI,1079896623.3
SBIG,13053533.172
SBLK,1974697508.94
SBNY,7250671660.26
SBRA,2871039212.58
SBSI,1155459669.8
SBT,309372073.08
SBUX,113861760000.0
SCAQ,312812500.0
SCHL,1342073665.4
SCHN,838742767.0
SCKT,13847798.25
SCLX,563981935.44
SCMA,166237500.0
SCOB,436424999.99999994
SCOR,106731146.44
SCPH,244167775.10999998
SCPL,364959334.08
SCRM,931875000.0
SCSC,740679546.72
SCTL,125968029.98
SCVL,649543244.25
SCWO,362307359.7
SCWX,540916503.3
SCYX,50944907.52
SDAC,397684375.0
SDC,42892672.0692
SDGR,1331428183.47
SDIG,15192364.9647
SEAC,23644253.6638
SEAT,593463471.8
SEDG,15833341241.249998
SEED,41811603.1
SEEL,72767245.824
SEER,363321088.59999996
SEIC,7860500442.299999
SELB,172925139.60999998
SELF,54195001.04
SENEA,462375720.6
SENEB,459189538.44
SERA,39081393.54
SESN,123580398.81400001
SEV,92132092.452
SEVN,133708682.34
SFBC,101458718.13000001
SFE,50598863.4
SFIX,344613054.15999997
SFM,3426444453.8999996
SFNC,2740005003.8399997
SFR,54687783.099999994
SFST,365878488.0
SFT,25312580.2509
SGA,142840628.4
SGBX,16508782.22
SGC,164339556.4
SGEN,23859796427.51
SGH,732753130.5600001
SGHL,127000000.0
SGHT,587927397.4200001
SGII,183101562.5
SGLY,9231739.86
SGMA,23313745.919999998
SGML,2920770000.0
SGMO,514583221.98
SGRP,29532692.8
SGRY,3415738942.7
SGTX,11359857.95
SHBI,346246183.08
SHC,2350005446.67
SHCR,565632001.6
SHEN,795561067.52
SHFS,36948243.8
SHIP,90139611.3805
SHLS,2849591290.54
SHOO,2489156052.76
SHPH,26514056.8
SHUA,140565937.5
SHYF,871863096.06
SIBN,469150292.0
SIDU,19612317.68
SIEB,44057647.440000005
SIEN,20492069.9361
SIGA,537457721.9200001
SIGI,5340982813.7
SILC,280332231.59999996
SILK,2014776714.65
SILO,10546357.92
SINT,5027114.399999999
SIOX,32179210.26
SIRI,22714897078.64
SISI,39024067.5444
SITM,2178681075.42
SIVB,13602223097.359999
SJ,77910005.22
SKGR,266716000.0
SKIN,1303129473.1
SKYA,278736977.18
SKYT,307760836.41
SKYW,835379798.6300001
SKYX,208522505.52
SLAB,4515490771.66
SLAC,432543750.0
SLAM,726656250.0
SLDB,105059429.5
SLDP,446568484.56
SLGC,470690222.34999996
SLGG,12640378.15612
SLGL,105468065.69309999
SLM,4153267378.0000005
SLNA,286444829.29
SLNG,97725485.89500001
SLNH,4874056.0518000005
SLNO,16155576.36
SLP,742874020.35
SLRC,761887575.41
SLRX,3485687.31
SLS,48588262.919999994
SLVR,313750000.0
SMAP,153585250.0
SMBC,422971990.33
SMBK,464428387.5
SMCI,4344968940.599999
SMFL,7827983.01
SMFR,102036555.29399998
SMID,107228489.0
SMIH,258143750.0
SMIT,1174418.2422
SMLR,225719109.0
SMMF,318131833.68
SMMT,855614993.75
SMPL,3873601059.71
SMSI,118097870.10000001
SMTC,1831504445.01
SMTI,377819669.5
SNAL,54251853.81
SNAX,18222731.9032
SNBR,571585980.0
SNCE,48438743.328
SNCR,56164402.5467
SNCY,922523449.64
SND,81045126.53
SNDL,493239999.99999994
SNDX,1733168363.1
SNES,2095696.71
SNEX,1943549248.3
SNFCA,157772841.4
SNGX,19538734.176
SNOA,3478683.0400000005
SNPO,562721135.34
SNPS,48665285872.26
SNPX,8429757.12
SNRH,505080000.0
SNSE,45773233.589999996
SNT,29370583.62
SNTG,5376000.0
SNTI,61838478.56999999
SOBR,13841092.31688
SOFI,4277795535.34
SOFO,9732326.90712
SOHO,34302260.25
SOHU,462518311.56
SOLO,71772750.7996
SOND,270392569.76
SONM,17347643.834400002
SONN,9124279.399999999
SONO,2140985710.4999998
SOPA,26394234.57
SOPH,132274478.72
SOTK,101034756.42
SOUN,350308711.02
SOVO,1450823738.82
SP,700204732.64
SPCB,6464036.18
SPCM,
SPFI,468005622.73
SPI,25792462.96
SPKB,362609375.0
SPLK,14092933000.0
SPNE,315255619.4
SPNS,1062017990.88
SPOK,161374122.0
SPPI,74881230.435
SPRB,25855018.349999998
SPRC,2664452.07
SPRO,89572571.69
SPRY,799859507.4499999
SPSC,4628837329.02
SPT,3096171039.06
SPTN,1066326720.4799999
SPWH,354732872.76
SPWR,3140510655.3
SQFT,11621488.7
SQL,3455370.3753
SRAD,2957508326.5200005
SRAX,40262222.34
SRCE,1309049580.02
SRCL,4599070685.91
SRDX,481977209.28
SRGA,25385230.03
SRNE,418085916.562
SRPT,11374866198.080002
SRRK,467553688.55
SRTS,123261819.1
SRZN,17305917.8116
SSB,5780112198.0
SSBI,106411720.2
SSBK,252065334.0
SSIC,60903785.6
SSKN,27434678.6446
SSNC,13114477080.960001
SSNT,15203083.92
SSP,1101252080.4099998
SSRM,3237546764.54
SSSS,107667911.8
SSTI,412588988.5
SSYS,792058240.0
STAA,2339933753.46
STAB,4438545.467999999
STAF,7143621.18
STBA,1333141168.1
STBX,122850000.0
STCN,86740280.77
STEL,1540689947.4
STEP,1562706731.86
STER,1501514069.51
STGW,812203223.49
STIM,187011636.3
STIX,70873259.7105
STKL,910393817.04
STKS,203272675.2
STLD,17153326659.300001
STNE,2951064341.12
STOK,363945794.81
STRA,1915210494.56
STRC,86799861.9558
STRL,994812815.1999999
STRM,90717867.76
STRO,464401765.28000003
STRR,12942101.9868
STRS,157797832.68
STRT,82505085.3
STSA,29813358.6
STSS,11382972.15
STTK,97498347.8
STX,10861564037.43
SUMO,972101565.9
SUNW,55596878.84
SUPN,1928253782.46
SURF,49644654.019999996
SURG,82202887.67999999
SVA,
SVC,1206154753.83
SVFA,762989062.5
SVFB,297755900.0
SVFD,3438754.7346360004
SVII,310653336.71000004
SVNA,
SVRA,176768201.55
SVVC,6522898.8928000005
SWAG,23478328.1115
SWAV,7431216658.120001
SWBI,398388694.2
SWIM,377130051.48
SWIR,1132534356.2
SWKH,226150956.36
SWKS,14595477762.32
SWSS,227741029.07000002
SWTX,1622562738.66
SWVL,18512133.220000003
SXTC,1456487.3320000002
SYBT,1901190038.4
SYBX,53595154.4
SYM,699168789.0
SYNA,3794121600.3599997
SYNH,3774519600.32
SYPR,45368992.053
SYRS,72611056.39
SYTA,6864889.68
SZZL,222495532.0
TA,665143894.54
TACT,62640888.56
TAIT,20866706.4
TALK,97129174.20519999
TALS,42557036.7
TANH,2622873.15
TAOP,10141823.835289
TARA,30196602.520000003
TARS,391014276.08
TASK,1649012869.3999999
TAST,72451649.92
TATT,47098693.8
TAYD,57627377.94
TBBK,1588756672.8
TBCP,514341750.0
TBLA,780257872.24
TBLD,458129289.23999995
TBLT,31143052.979999997
TBNK,218819168.68
TBPH,755845532.64
TBSA,252000000.0
TCBC,66670854.6
TCBI,3009421415.4100003
TCBK,1699353367.1100001
TCBS,50606540.05
TCBX,249389894.48
TCDA,8872520.036600001
TCFC,225289365.0
TCMD,231375990.44
TCON,33095054.54
TCPC,747508396.16
TCRR,38610672.5268
TCRT,156050624.9651
TCRX,37323339.7
TCVA,511255500.00000006
TCX,366111788.8
TDUP,132055081.86
TEAM,32880312055.84
TECH,13009635143.679998
TELA,220330167.5
TENB,4292412953.1499996
TENK,82702400.0
TENX,4979113.654785
TER,13605299353.099998
TERN,488271779.21999997
TESS,45106989.2
TETC,482693749.99999994
TETE,183070837.5
TFFP,38002739.25
TFIN,1196253934.56
TFSL,4040675547.81
TGAA,275067627.52
TGAN,308136369.6
TGL,29562678.36
TGTX,1719395469.61
TGVC,
TH,1472476914.88
THAC,222093750.00000003
THCH,414724675.64
THCP,300176447.66
THFF,553973667.84
THMO,3270953.6
THRD,174342450.79999998
THRM,2167501794.4300003
THRN,194159686.71
THRX,192792881.4
THRY,655028591.0
THTX,83991134.05083899
TIG,307334910.0
TIGO,2158340700.0
TIGR,525026450.41
TIL,81758311.11
TILE,574135955.6099999
TIOA,434700000.0
TIPT,501736274.64
TIRX,5190323.84
TITN,902143746.4499999
TIVC,6192781.9866
TKNO,158655929.76
TLF,35245883.25
TLGY,294975000.0
TLIS,11936699.5155
TLRY,1644672238.11
TLS,342102076.15999997
TLSA,61210159.479
TMC,204460152.82
TMCI,1275985048.58
TMDI,73915001.0442
TMDX,1970362858.3999999
TMKR,351210000.0
TMPO,20632613.3254
TMUS,174181578760.0
TNDM,2890230385.75
TNGX,639285816.5
TNON,17754145.580000002
TNXP,22427647.0114
TNYA,128615871.96
TOAC,298137500.0
TOI,119363783.55
TOMZ,9723865.86
TOP,171044000.0
TOPS,13074530.620000001
TOWN,2246363734.44
TPBA,226130091.19
TPG,2205250814.14
TPIC,425385026.04
TPST,12094663.85
TRDA,424611350.8
TREE,272717594.54999995
TRHC,134265220.65
TRIN,384410089.26
TRIP,2527737376.78
TRKA,7868409.456
TRMB,12469344376.960001
TRMD,2386628959.76
TRMK,2127899392.2399998
TRNS,535656791.87
TRON,123440778.89999999
TROO,221910347.23160002
TROW,24371072396.72
TRS,1164100667.04
TRST,716156222.2500001
TRUE,221164031.6
TRUP,1943200074.6200001
TRVI,115651283.85
TRVN,9937015.66
TSAT,94553445.0
TSBK,281234169.31
TSCO,24850916227.65
TSEM,4730495428.8
TSHA,141119555.05999997
TSLA,388971946667.82
TSP,370160393.47999996
TSRI,14845631.600000001
TSVT,355279413.40999997
TTCF,102899779.11
TTD,21944783823.41
TTEC,2083796843.91
TTEK,7692332152.17
TTGT,1291994291.2
TTMI,1541269119.0
TTNP,11456139.832700001
TTOO,10393129.1
TTSH,194307307.62
TTWO,17475005590.38
TUEM,4072424.325
TURN,54773769.6
TUSK,409251135.5
TVTX,1349570177.1000001
TW,13506130530.550001
TWCB,222441090.3
TWIN,134010923.04
TWKS,3208207239.5299997
TWLV,445114500.00000006
TWNK,3004418378.28
TWOU,490344691.65
TWST,1346894080.1999998
TXG,4171050705.24
TXMD,52921111.36
TXN,149948998256.63998
TXRH,6085896603.45
TYDE,6073072.2945
TYRA,320700475.59999996
TZOO,55178705.050000004
TZPS,363184375.0
UAL,12325179228.7
UBCP,84529895.73
UBFO,124628635.91
UBSI,5452341452.360001
UBX,38886915.7
UCBI,3588540220.2
UCTT,1508213682.3
UDMY,1490950855.8000002
UEIC,263907383.98
UFCS,689399687.52
UFPI,4884772984.5
UFPT,893441743.45
UG,47964690.36
UGRO,28863530.240000002
UIHC,45906576.46
UK,7199958.3744
ULBI,62275765.48
ULCC,2236435591.91
ULH,878721238.56
ULTA,23866643252.97
UMBF,4035043546.56
UMPQ,3874401797.7000003
UNAM,8578417.57
UNB,108003541.09079999
UNCY,8147881.800000001
UNIT,1311716276.5
UNTY,288203376.96
UONE,220127944.4
UONEK,181907927.67999998
UPC,31537500.0
UPLD,226577453.72
UPST,1082418567.0
UPTD,60193412.99999999
UPWK,1371215512.08
UPXI,53882244.0
URBN,2198391637.5
URGN,204808645.92999998
UROY,236003971.95000002
USAP,64371923.01
USAU,40145582.4
USCB,244009186.6
USCT,296125000.0
USEA,31777737.200000003
USEG,57554767.599999994
USIO,41784926.699999996
USLM,798607490.4
UTAA,293537500.0
UTHR,12674495137.859999
UTMD,364680918.99
UTME,7379005.2524999995
UTRS,6471569.602
UTSI,32072563.75
UVSP,764105244.63
VABK,195297754.85999998
VALU,480857670.72
VANI,43110183.769
VAQC,568125000.0
VAXX,176478402.79999998
VBFC,
VBIV,101004505.9034
VBLT,8370014.04
VBNK,204892069.55
VBOC,108998437.5
VBTX,1516463853.84
VC,3681921084.8700004
VCEL,1243853477.58
VCNX,32145468.7
VCSA,295420895.28000003
VCTR,1837289423.6
VCXA,270211286.63
VCYT,1702696222.08
VECO,955479286.9999999
VECT,543577476.43
VEDU,15448800.0
VEEE,17421600.0
VERA,535175334.00000006
VERB,19062889.83
VERI,192335049.6
VERO,22187063.36
VERU,425690115.84000003
VERV,1192033297.8000002
VERX,2177078716.84
VERY,111562500.0
VEV,42272084.16
VFF,121742790.86000001
VGFC,9182542.1872
VHNA,256128000.0
VIA,81033184.26
VIAV,2379027614.29
VICR,2367608648.75
VIEW,213841990.9716
VIGL,444763637.5
VII,290950000.0
VINC,21613564.38
VINO,3185389.5999999996
VINP,514318035.52
VIR,3369156367.5099998
VIRC,73273652.19999999
VIRI,4325972.04
VIRT,2036948370.08
VIRX,55768123.699999996
VISL,26554817.520000003
VITL,607719634.68
VIVE,4557639.225
VIVK,18558008.077400003
VIVO,1455521868.99
VKTX,720871693.2
VLAT,289225000.0
VLCN,24622460.226
VLDR,175234577.9914
VLGEA,337993656.26
VLNS,53288097.06
VLON,3909879.1799999997
VLY,5726894582.37
VMAR,38921372.54
VMCA,
VMD,287432311.32
VMEO,602991427.5
VMGA,
VNDA,418200454.71999997
VNOM,2358345632.39
VOR,436569002.1
VORB,623476425.4
VOXR,103903903.5
VOXX,200591389.60000002
VPCB,322928138.3
VQS,8725094.9352
VRA,139867573.32
VRAR,41195074.019999996
VRAX,9364285.97
VRAY,812742694.4000001
VRCA,113008645.75
VRDN,1175651324.08
VREX,813768130.0
VRM,140936886.36
VRME,10481076.76
VRNS,2638668739.1400003
VRNT,2389627803.96
VRPX,7289892.2782
VRRM,2072781041.64
VRSK,27589962138.999996
VRSN,21780020720.64
VRTS,1384488911.12
VRTX,74127357508.56
VS,1006079.3169999999
VSAC,135032583.0
VSAT,2392327094.1
VSEC,600048904.64
VSTA,330419172.0
VSTM,84561567.125
VTGN,21304143.535
VTNR,469146721.2
VTRS,13497179575.740002
VTRU,753104475.0
VTSI,51003852.12
VTVT,54007330.08
VTYX,1857142247.82
VUZI,232012326.0
VVOS,9250871.838000001
VVPR,5755972.6269
VXRT,126117246.7374
VYGR,235504810.6
VYNE,8705374.049999999
VYNT,4151991.37
WABC,1588105857.87
WAFD,2193756831.75
WAFU,10034592.1
WALD,976150423.8749999
WASH,810595003.54
WATT,65277674.747999996
WAVD,9197546.485199999
WAVS,170374050.0
WBA,32216806832.8
WBD,23021194222.2
WDAY,43003810000.0
WDC,10021866807.25
WDFC,2189219870.46
WEJO,52284548.004
WEN,4820800602.66
WERN,2544514653.7799997
WEST,1007381474.8
WETG,66319551.02
WEYS,203605476.92
WFCF,81474548.76
WFRD,3595391897.88
WHF,303322298.40000004
WHLM,18256997.76
WHLR,13822380.000000002
WILC,182489943.72
WINA,810733072.38
WING,4117092215.6
WINT,6563720.23
WINV,148925000.0
WIRE,2523205304.8
WISA,7278586.253400001
WISH,330172900.0
WIX,4516579241.46
WKHS,249433890.88
WKME,944781071.26
WKSP,17104065.919999998
WLDN,237314357.70000002
WLDS,6565887.24141
WLFC,359785386.24
WMG,18030184348.440002
WMPN,173870247.6
WNEB,209785139.74
WNW,9348554.783
WOOF,2520921941.28
WORX,5152121.964000001
WPRT,132720356.9692
WRAP,69500087.28
WRLD,412582162.02
WSBC,2187580448.56
WSBF,382560272.03999996
WSC,9435552762.87
WSFS,2792345421.32
WTBA,425162552.15000004
WTER,25629443.6873
WTFC,5135880873.96
WTMA,102118952.39999999
WTW,26472757344.18
WULF,96840121.49759999
WVE,608367501.0
WVVI,29623840.9959
WW,272233127.62
WWAC,293250000.0
WWD,5771391842.53
WYNN,9344971849.77
XAIR,194123733.43
XBIO,4323996.5196
XBIT,106841862.27
XCUR,5709324.5
XEL,38367592054.56
XELA,10020491.758000001
XELB,13741326.972000001
XENE,2466110669.17
XERS,180860169.70000002
XFIN,294975000.0
XFOR,120684328.482
XGN,39166771.199999996
XLO,73898622.83
XM,6131784883.9800005
XMTR,1528994132.9299998
XNCR,1560421376.6399999
XOMA,210695143.2
XOS,74422355.1522
XP,8594904284.2
XPAX,274514140.0
XPDB,361890625.0
XPEL,1658620803.8400002
XPON,15645667.2
XRAY,6842794450.24
XRTX,11626867.096
XRX,2271798500.2
XWEL,30204987.8798
XXII,198185125.56149998
YELL,129677839.77999999
YGMZ,19321073.0955
YMAB,213100474.4
YNDX,
YORW,642148918.5799999
YOSH,17727800.0
YOTA,147773729.95999998
YTEN,8254345.239
YTRA,151546894.89000002
YVR,3399147.84
Z,7657172111.08
ZBRA,13238396505.180002
ZCMD,28325705.002
ZD,3732852712.3999996
ZENV,47994704.9
ZEST,6474857.439
ZEUS,373743116.56
ZFOX,588526579.44
ZG,7419445563.08
ZI,12154112540.99
ZIMV,243664460.48
ZING,564306013.3100001
ZION,7355208786.639999
ZIVO,23549150.0
ZKIN,12385123.049999999
ZM,19801907792.46
ZNTL,1149379548.74
ZS,16137348201.300001
ZT,429093749.99999994
ZTEK,154267718.70180002
ZUMZ,423729100.65999997
ZVSA,14258617.540000001
ZYME,495151028.04
ZYNE,24943236.830000002
ZYXI,535535000.0
